{
    "rmse": 644.8552935196982,
    "mae": 385.72948880082276,
    "r2": 0.8944792747497559
}